FirstName,LastName
Catherine,Abel
Cory,Booth
Christopher,Beck
Donald,Blanton
Walter,Brian
Richard,Byham
Rosmarie,Carroll
Brigid,Cavendish
Pei,Chow
Anthony,Chor
Terry,Eminhizer
Janeth,Esteves
Guy,Gilbert
Jon,Grande
David,Hodgson
Joyce,Jarvis
Pamala,Kotc
Jeffrey,Kurtz
Rebecca,Laszlo
Frank,Campbell
Kevin,Liu
Walter,Mays
Melissa,Marple
Matthew,Miller
Linda,Mitchell
Joseph,Mitzner
Vassar,Stern
Krishna,Sunkammurali
Andrea,Thomsen
Michael John,Troyer
Roger,Van Houten
Raja,Venugopal
